data,english,spanish
,"In the current master version I regularly encounter this exception, when calling unhook_all()

","En la versión maestra actual me encuentro regularmente con esta excepción, al llamar a unhook_all()

"
,"In the current master version I regularly encounter this exception, when calling unhook_all()

","En la versión maestra actual me encuentro regularmente con esta excepción, al llamar a unhook_all()

"
,"Do you mean you simply want to loop the program, or reload it, or... what? What's the actual problem you're trying to solve. – 
","¿Quieres decir que simplemente quieres hacer un bucle con el programa, o recargarlo, o... qué? ¿Cuál es el problema real que está tratando de resolver. -
"
,"It'll be helpful if you changed your title to something like ""How do I clear all variables in the middle of a Python script?"" for future searches on the topic, because ""How to restart the command window in Python?"" has nothing to do with what you're actually asking. – 
","Sería útil que cambiaras tu título por algo así como ""¿Cómo borro todas las variables en medio de un script de Python?"" para futuras búsquedas sobre el tema, porque ""¿Cómo reiniciar la ventana de comandos en Python?"" no tiene nada que ver con lo que realmente estás preguntando. -
"
,"It'll be helpful if you changed your title to something like ""How do I clear all variables in the middle of a Python script?"" for future searches on the topic, because ""How to restart the command window in Python?"" has nothing to do with what you're actually asking. – 
","Sería útil que cambiaras tu título por algo así como ""¿Cómo borro todas las variables en medio de un script de Python?"" para futuras búsquedas sobre el tema, porque ""¿Cómo reiniciar la ventana de comandos en Python?"" no tiene nada que ver con lo que realmente estás preguntando. -
"
,"Can you provide any possible context in which this makes sense? – 
","¿Puede aportar algún contexto posible en el que esto tenga sentido? -
"
,"Thanks that's way cleaner than what I was doing and exactly what I needed. Unfortunately though doing window/root.quit is giving me an error ""quit() takes 1 positional argument but 4 were given""

","Gracias eso es mucho más limpio que lo que estaba haciendo y exactamente lo que necesitaba. Por desgracia, aunque haciendo window/root.quit me está dando un error ""quit() toma 1 argumento posicional pero se dieron 4""

"
,"The docs mention offhandedly in a few places that Tkinter is not quite thread safe, but as far as I know, never quite come out and say that you can only talk to Tk from the main thread. The reason is that the truth is somewhat complicated. Tkinter itself is thread-safe, but it's hard to use in a multithreaded way. The closest to official documentation on this seems to be this page:

","Los documentos mencionan a la ligera en algunos lugares que Tkinter no es seguro para hilos, pero hasta donde yo sé, nunca dicen que sólo se puede hablar con Tk desde el hilo principal. La razón es que la verdad es algo complicada. Tkinter en sí es thread-safe, pero es difícil de usar de forma multihilo. Lo más cercano a documentación oficial sobre esto parece ser esta página:

"
,"The docs mention offhandedly in a few places that Tkinter is not quite thread safe, but as far as I know, never quite come out and say that you can only talk to Tk from the main thread. The reason is that the truth is somewhat complicated. Tkinter itself is thread-safe, but it's hard to use in a multithreaded way. The closest to official documentation on this seems to be this page:

","Los documentos mencionan a la ligera en algunos lugares que Tkinter no es seguro para hilos, pero hasta donde yo sé, nunca dicen que sólo se puede hablar con Tk desde el hilo principal. La razón es que la verdad es algo complicada. Tkinter en sí es thread-safe, pero es difícil de usar de forma multihilo. Lo más cercano a documentación oficial sobre esto parece ser esta página:

"
,"The docs mention offhandedly in a few places that Tkinter is not quite thread safe, but as far as I know, never quite come out and say that you can only talk to Tk from the main thread. The reason is that the truth is somewhat complicated. Tkinter itself is thread-safe, but it's hard to use in a multithreaded way. The closest to official documentation on this seems to be this page:

","Los documentos mencionan a la ligera en algunos lugares que Tkinter no es seguro para hilos, pero hasta donde yo sé, nunca dicen que sólo se puede hablar con Tk desde el hilo principal. La razón es que la verdad es algo complicada. Tkinter en sí es thread-safe, pero es difícil de usar de forma multihilo. Lo más cercano a documentación oficial sobre esto parece ser esta página:

"
,"Just run all UI code in the main thread, and let the writers write to a Queue object…

","Basta con ejecutar todo el código de interfaz de usuario en el subproceso principal y dejar que los escritores escriban en un objeto de cola...

"
,"May 31, 2011 — @TomSawyer to stop a Python program early, do import sys first and then sys.exit() if you want to exit but report success or sys.exit(""some ...
","May 31, 2011 - @TomSawyer para detener un programa Python antes de tiempo, haz import sys primero y luego sys.exit() si quieres salir pero informar del éxito o sys.exit(""algún ...
"
,"I'm making a script in python that shouldn't continue with the script until after I've pressed a certain key (in this case that key is Y) but every time I get to that part of the script and press the key it just ends the program prematurely. I don't quite know if I'm missing something or just being mildly retarded.

","Estoy haciendo un script en python que no debería continuar con el script hasta después de haber pulsado cierta tecla (en este caso esa tecla es Y) pero cada vez que llego a esa parte del script y pulso la tecla simplemente termina el programa antes de tiempo. No se muy bien si me estoy perdiendo algo o simplemente soy un poco retrasado.

"
,"I'm making a script in python that shouldn't continue with the script until after I've pressed a certain key (in this case that key is Y) but every time I get to that part of the script and press the key it just ends the program prematurely. I don't quite know if I'm missing something or just being mildly retarded.

","Estoy haciendo un script en python que no debería continuar con el script hasta después de haber pulsado cierta tecla (en este caso esa tecla es Y) pero cada vez que llego a esa parte del script y pulso la tecla simplemente termina el programa antes de tiempo. No se muy bien si me estoy perdiendo algo o simplemente soy un poco retrasado.

"
,"I'm making a script in python that shouldn't continue with the script until after I've pressed a certain key (in this case that key is Y) but every time I get to that part of the script and press the key it just ends the program prematurely. I don't quite know if I'm missing something or just being mildly retarded.

","Estoy haciendo un script en python que no debería continuar con el script hasta después de haber pulsado cierta tecla (en este caso esa tecla es Y) pero cada vez que llego a esa parte del script y pulso la tecla simplemente termina el programa antes de tiempo. No se muy bien si me estoy perdiendo algo o simplemente soy un poco retrasado.

"
,"I'm making a script in python that shouldn't continue with the script until after I've pressed a certain key (in this case that key is Y) but every time I get to that part of the script and press the key it just ends the program prematurely. I don't quite know if I'm missing something or just being mildly retarded.

","Estoy haciendo un script en python que no debería continuar con el script hasta después de haber pulsado cierta tecla (en este caso esa tecla es Y) pero cada vez que llego a esa parte del script y pulso la tecla simplemente termina el programa antes de tiempo. No se muy bien si me estoy perdiendo algo o simplemente soy un poco retrasado.

"
,"I'm making a script in python that shouldn't continue with the script until after I've pressed a certain key (in this case that key is Y) but every time I get to that part of the script and press the key it just ends the program prematurely. I don't quite know if I'm missing something or just being mildly retarded.

","Estoy haciendo un script en python que no debería continuar con el script hasta después de haber pulsado cierta tecla (en este caso esa tecla es Y) pero cada vez que llego a esa parte del script y pulso la tecla simplemente termina el programa antes de tiempo. No se muy bien si me estoy perdiendo algo o simplemente soy un poco retrasado.

"
,"I have declare ctlr+shift+a as hotkey using keyboard module. import keyboard

","He declarado ctlr+shift+a como hotkey usando el módulo keyboard. import keyboard

"
,"Sep 18, 2020 — I was having a hard time because I had the same problem. And I finally found a solution! It's using 'keyboard.hook_key'. Here is my code. import ...
","Sep 18, 2020 - Lo estaba pasando mal porque tenía el mismo problema. ¡Y por fin encontré la solución! Es usando 'keyboard.hook_key'. Aquí está mi código. import ...
"
,"Sep 18, 2020 — I was having a hard time because I had the same problem. And I finally found a solution! It's using 'keyboard.hook_key'. Here is my code. import ...
","Sep 18, 2020 - Lo estaba pasando mal porque tenía el mismo problema. ¡Y por fin encontré la solución! Es usando 'keyboard.hook_key'. Aquí está mi código. import ...
"
,"You could wrap your script in a

","Puedes envolver tu script en un

"
,"You could wrap your script in a

","Puedes envolver tu script en un

"
,"You could wrap your script in a

","Puedes envolver tu script en un

"
